task_id,mae,nmae,da,status,horizon
task_000,4.319381265277004,10.763681331543454,0.0,success,10
task_001,1.431343116946052,0.6657940015076304,1.0,success,10
task_002,0.0,,,success,10
task_003,0.025478566486056974,1.0,0.0,success,10
task_004,0.06682708077810764,,,success,10
task_005,0.746044984387611,,,success,10
task_006,0.0,,,success,10
task_007,0.0,,,success,10
task_008,0.3498343300581935,1.0,0.0,success,10
task_009,4.886789909846498,1.0,0.0,success,10
