task_id,mae,nmae,da,status,horizon
task_000,2.250837562736359,5.608974241084598,1.0,success,10
task_001,1.3320489275114469,0.6196069797324636,0.6666666666666666,success,10
task_002,0.45391000000000004,,,success,10
task_003,0.652521433513943,25.610602302568015,1.0,success,10
task_004,0.13365,,,success,10
task_005,0.59046,,,success,10
task_006,0.0,,,success,10
task_007,0.0,,,success,10
task_008,0.3498343300581935,1.0,0.0,success,10
task_009,4.886789909846498,1.0,0.0,success,10
