task_id,mae,nmae,da,status,horizon
task_000,2.5327675627363595,6.311529651554352,1.0,success,10
task_001,1.3143856327722787,0.6113908395596648,1.0,success,10
task_002,0.20952,,,success,10
task_003,0.025478566486056974,1.0,0.0,success,10
task_004,0.13365,,,success,10
task_005,0.59046,,,success,10
task_006,0.0,,,success,10
task_007,0.0,,,success,10
task_008,0.3498343300581935,1.0,0.0,success,10
task_009,2.471919909846498,0.505837155975495,0.9,success,10
