task_id,mae,nmae,da,status,horizon
task_000,5.888353808952049,14.67348216663512,1.0,success,10
task_001,1.0054047638044692,0.46766736284479665,1.0,success,10
task_002,1.0477711333333333,,,success,10
task_003,4.448765766847276,174.60816601600575,1.0,success,10
task_004,0.0,,,success,10
task_005,0.6338532333333333,,,success,10
task_006,0.0,,,success,10
task_007,0.0,,,success,10
task_008,0.3498343300581935,1.0,0.0,success,10
task_009,2.235766480868525,0.4575122978713759,1.0,success,10
