Model,Size (B params),Mean NMAE,Mean Improvement vs Baseline,% Beat Baseline,Incremental Gain vs Previous
Best Baseline,-,0.8496195326503678,0.0,-,-
Llama 3.2,3,26.653028869305505,-25.803409336655143,23.333333333333332,-
Mistral 8x7B,56,0.8463444947665822,0.0032750378837856143,34.166666666666664,25.80668437453893
GPT-4o mini,20,1.1651824022868453,-0.3155628696364773,30.833333333333336,25.487846467018667
