task_id,mae,nmae,da,status,horizon
task_000,0.375,1.0,0.0,success,24
task_001,0.4166666666666667,1.0,0.0,success,24
task_002,121.08333333333333,1.0,0.0,success,24
task_003,336.625,1.0,0.0,success,24
task_004,250.33333333333334,1.0,0.0,success,24
task_005,200.75,1.0,0.0,success,24
task_006,151.08333333333334,1.0,0.0,success,24
task_007,68.375,1.183982683982684,0.5,success,24
task_008,204.29166666666666,1.0,0.0,success,24
task_009,201.125,1.0,0.0,success,24
